"sample_id","tax_01","tax_02","tax_03","tax_04","tax_05","tax_06","tax_07","tax_08","tax_09","tax_10","tax_11","tax_12","tax_13","tax_14","tax_15","tax_16","tax_17","tax_18","tax_19","tax_20","tax_21","tax_22","tax_23","tax_24","tax_25","tax_26","tax_27","tax_28","tax_29","tax_30","tax_31","tax_32","tax_33","tax_34","tax_35","tax_36","tax_37","tax_38","tax_39","tax_40"
"S001",-0.465738432292276,0.842679994570951,-0.471286905938223,-0.00662392173708694,0.577974067071275,-0.284010263758823,-0.141671098320475,-0.470800714188818,-1.30301809372192,-0.231264417338481,-0.0186152330619137,0.797146259922849,-1.35215586574783,0.385645474354726,0.066285224087484,0.868085700447826,0.735208370889704,0.668081048558224,1.00887136737043,-0.305191073563487,-0.382076729361058,0.0692791307404609,-0.0897458723504075,0.494227261577235,-0.403573579209656,-1.13100584399375,0.128677467103905,0.963530940164304,0.363494558239573,-0.0658665157001583,0.153657434445606,0.626083680172976,0.324659000144403,-0.19741518273975,1.19858264496578,-0.0154457437602733,0.336405731215627,-0.269755936912752,-0.394820637617206,-1.04213900163918
"S002",-1.18769576489673,-1.12592405207412,0.283567261257639,-1.36952845883838,-0.365889520932851,0.295568967820106,1.31409137324788,0.364525453419307,0.418448366601973,0.312343533202911,-0.762660135245043,-0.291460113982942,0.450619792966823,-0.27692936221222,-1.32808206019819,-1.13142326633875,0.296256390842679,-0.200471713122067,-1.0399947927092,-0.393238131313152,0.41010666880373,0.38346673735737,0.880878482721558,0.143073394212569,1.11685675670745,1.66145080336414,0.454935855977215,2.13758041890137,0.0980580449270767,1.38854790584661,1.47387866118707,0.710513760455449,0.225287054516808,0.673233791820319,-0.733436981402019,-0.427324114751536,0.784336469163705,0.84306357419566,2.46557968835206,0.264930223026502
"S003",1.76103531810562,1.61591034395607,1.09442260575951,1.34583962583484,0.667760018242782,-0.471616713639481,2.61682407352433,1.54969716016031,0.654226255251203,1.80107284803069,0.83313091531962,1.18938415353358,2.32923746240892,1.41055351839692,1.22558361858956,2.60121744730411,1.26345111764061,0.644837419176416,2.45424174854918,0.731804127524386,-1.51021778435219,-1.70791730188618,-2.05902624238725,-1.06593736008527,-0.448261542861511,-0.712021987438519,-1.46183124159648,-0.32989651114727,-1.62335714307263,-0.973607844478367,-0.407647372210505,-1.26157462176418,-0.842688826715816,1.19762352361326,0.177332154980003,-0.412126852283693,-0.67079514559642,0.734919993887082,1.42975393117117,0.310710906555697
"S004",-0.498684752496559,0.0973687457847794,-0.150197316951867,0.0623953733883873,-0.8714408919485,-0.815047566924457,-0.0726636610253245,0.345846238654062,-1.22082286704562,-0.737901872615142,-0.944298433495714,0.0507606770338239,-1.91691512750494,0.572161817983901,-0.0997154915723274,0.436252202468564,-1.05240319937984,0.763871867731477,0.523350238838452,1.37300179942746,1.29651181192852,-0.0728870208307279,0.188932215071497,0.603463365221633,-0.23551649321445,0.432475600397475,0.356996440081507,-0.172910538266918,0.644894721063542,-1.38546848235675,0.250803432912488,1.16865679020913,-1.98666660373643,-1.19094275865906,0.995385075951995,1.02652281672567,0.177000791655597,1.84597102885633,0.462287680496024,0.471306064192027
"S005",1.42978902610797,-0.678838322422709,1.55567838802213,0.940987287953588,2.1399861345987,0.922761702406692,-0.131540017161807,0.628601995590486,0.0763804378262644,1.62089939900219,0.568790327875411,0.963971350689504,1.23053719918161,0.121135643002663,0.00285538664025117,0.958964112288212,1.92413533729977,1.27265415228695,0.492142538051336,-0.238495202141288,-1.44609078128526,-0.76563547135427,0.621140368500038,-2.49461465872562,-1.06540247621072,-0.825189105312395,-1.40915490699347,-0.408616607109416,0.642496856652341,-1.6522491869778,-1.48269245807527,-0.0750003307815095,-1.39409728494656,0.502871758457888,-0.0180725987336204,-0.675160131316846,-0.213745372829031,1.25951290281746,0.887853937566737,1.3801770874961
"S006",0.0606516202848,0.971321091451711,0.724013522547323,1.75134736893453,0.223188255835261,1.88180900138591,1.61060834140948,0.573822478584812,0.189280567653743,0.856646824485359,-0.0312338573198923,1.72281656324241,1.23402622235363,1.79379718520399,1.0103061153432,0.310337946336489,1.3545621401914,1.64998929915259,0.0941782102509967,0.25091715095015,-0.62011007369054,-0.0703237080662259,0.532192674927297,-0.937464487724905,-1.05339807338371,-0.227663288142317,-1.22911154405091,-0.189412843046307,-0.39623464581541,-0.180648320563531,-0.322350475012513,-0.519773538975004,0.123039745281558,2.05415405027748,-1.00892899760384,-0.622511495440494,0.207775419135761,1.67293069149911,-0.328838826133993,0.275646674564273
"S007",-1.01683283242283,-1.20002061466644,-0.658018293561821,0.750652312896384,-0.313193934204897,-1.17125522706003,-1.71313026707965,-1.43866453555774,0.12582522106166,0.226992741744122,0.2108368661522,-1.00335980804301,-0.0912852381153649,-1.1411012631185,-1.31138859340187,-1.4346582935271,0.546247637463314,-0.626965320155968,-0.72773151260626,-3.20218593770403,1.32408997679887,-0.106061158897601,-0.0404882892110958,-0.204809853650811,0.460342744509092,-0.513831217176698,0.572581613916186,0.0622582655773738,0.287100391102004,0.131154246811767,0.588553248305782,0.793338641329158,0.673620047180757,0.0799452128036216,0.0743698355575688,0.543369959067923,-0.943906506870555,0.241274393763481,1.46540764331978,-0.135566407242552
"S008",-0.00308474988068511,-0.956694600224106,0.592595963793905,-1.03571551152813,-0.91018360791098,-0.159086414679445,0.352511679755196,0.946725291789427,1.35161128476667,-1.26079593346208,-0.183626531255609,-0.633971802942724,1.46214102726892,-0.263062260769281,0.680938677344129,0.530902042015879,1.28098454138374,0.46580467567238,-0.238411116171193,0.402210976681186,-0.833445517058302,-0.381412947401228,-0.545394956865851,0.0190229249527684,0.341935947236464,0.150378954405027,0.258234947249058,0.936797191035136,-0.312010598498019,0.103601565169748,-0.249284033145686,0.237162848985905,-0.979788711716429,1.702240223287,1.12179675295327,-1.14257734452386,-0.839715025916432,1.25379978526029,0.575532535507052,2.21015688934671
"S009",0.0679632233684287,-0.694940876069323,-0.922039486385387,-1.06993660378344,-0.856127905396704,-0.269656690721656,-0.100268061921752,0.315696970176754,-1.22196758509226,-1.23926355733112,-1.50560405997558,-0.1727882346171,0.433100749588846,-0.762764158371075,-1.80906091909072,0.968459126540626,-0.541633038880597,0.347002579683672,-1.51663074895867,0.196389211431581,1.23954065281575,-0.245784638946315,0.378920370299868,0.517278345508163,0.8987038238994,1.20998810176736,-0.377190761741194,-1.23093407995239,-0.356989613051403,0.673198119179459,-1.23915388906353,-1.62019350527042,0.493358371790483,1.71010006697242,1.44825892566838,0.960550611582776,-1.0573131797605,0.885420706799842,0.265568296335296,-0.0186851165908051
"S010",-1.50763709100641,-1.21771395068538,-0.631302295208978,-1.31628754918797,-0.95517042948465,-1.25730112083199,-2.14607400288032,-1.70499804843764,-1.22758556410263,-1.21166708422768,-1.9313369659707,-2.50217633446447,-1.76193552733316,-2.46742617455255,-0.158509388513626,-1.35749824938549,-0.980107546594886,-1.27541443120801,-1.15438820198083,-2.57566189067056,0.83832088876335,0.0985171042685055,2.20010824382382,2.23636211703858,1.72446797538016,1.85475108173591,1.03913019778007,1.79792901665572,-0.246227484984282,2.44525461372173,1.17089105439007,1.97920215122159,0.0292452861954998,0.0314267282313598,0.251008150359833,1.17232664839338,-1.89582788629843,-0.305904633291313,0.0421283032289621,0.740117311823475
"S011",-0.183810898925889,0.973130564125421,0.2280506410074,1.38091413471107,1.40524770520202,0.546640114586201,1.16491858057473,2.45550321387465,0.770267683666393,1.28252074640991,0.523395923858894,1.20478259559678,1.03999649665118,1.32887701720499,2.35092670606513,0.672801202366934,0.522646845362393,0.784686637652023,0.414698478890439,0.51877930947833,-0.447989416152962,0.744478143195582,-1.99032478120375,-0.726377983753808,0.819320004565529,-1.34258595772695,-1.08732263092126,-1.16509967694415,-0.832109535225888,-0.473576367282815,-1.1672901094069,-0.545239428300963,-0.31588766097655,-0.887139533354098,1.25129251713813,0.0769280287453326,-0.617504026355397,0.135276042436127,-1.12305588451308,0.123197451035243
"S012",0.296568806972251,0.466713691813771,1.38674620594067,0.202044226749462,0.569660812736973,-0.390645299378237,0.704682718278671,0.0389169609085778,0.705529578191014,1.10696804325008,-0.350713428128997,-0.726145269391039,1.1383887476465,0.436884278795375,-1.6449977221922,-0.672450549144367,-0.179586922041507,-0.101059770359716,0.342813854810435,0.520252780366897,-0.657206520517828,0.859386256514632,-0.773999622486846,-0.135697370836197,-0.185592853458647,-0.381516630795388,-0.845500509380651,0.55052351334727,0.0491113646743054,0.155626735470124,-0.427426267140872,0.0235888848432631,1.19940198519055,-0.452469322043754,-0.481912539806103,-2.02195216470282,1.12293610269481,0.355927572521404,-0.0914378603212746,-0.132528481141931
"S013",0.301452411712466,-0.962335832599745,-0.445784761520675,-1.29267058882662,-1.06324102529955,-0.858641377100502,-1.33896572082119,-0.372007881123844,-0.656870956570947,-1.82818738869606,-0.290877719954902,-0.823748263607092,-1.35578650982186,-0.484782952135085,-1.13968743168109,-0.730292373990606,-0.512246615980146,-0.558700203598015,0.674225223660809,-0.586597314261706,1.03411656013937,-1.47469246162242,-0.0907193153309154,1.42662054405247,0.0398691970928192,1.66441886515957,0.98679762159914,0.726813166870551,0.788615966355805,-0.445387164874792,0.000134066813694934,0.48363502175544,0.419370801798344,0.439962003717424,-0.67408380430067,0.680259611225185,0.649737808841225,-0.343669279248712,-0.822282309994904,0.789706897941324
"S014",-1.37407820697536,-2.91296576671258,-1.50277467054506,-1.47621015450438,-1.51807450357233,-0.151825040843112,-0.0334113300936945,-2.4287438276847,-1.57157315307001,-1.50964864866752,-2.02940899234474,-1.79729581609718,0.425916955132164,-1.53999661349703,-0.81225285910252,-1.37826858765283,-2.63038301572965,-1.9077436566251,-1.72264487393131,-0.494946018210505,1.40986672019206,1.32622658909823,2.14070989069822,1.49431926185932,1.82381219969519,0.107292658344848,2.58003985513463,2.29248623770897,1.37355020614991,2.22518964379864,0.557226015455368,1.76721400237014,-0.132611668734292,-0.202135090389829,-1.84165494934182,-0.276526047765093,1.09659554544953,-0.911264636391975,1.39616999480639,0.500807758706475
"S015",-0.418083363211998,-0.418932046124855,-0.901113741614662,-0.374076402324912,0.372567959654044,-1.97669250109378,-1.2657898894995,-0.691865872385859,-1.61988312838173,-0.527086667809447,-0.145126728036475,-0.929724015558936,0.615304522257907,0.311475236428026,0.000317536463904266,-0.414312142080888,-0.708523637503178,-0.991055714101855,-0.716918196329907,-0.11635551236022,0.7339514360627,0.0752117719018857,1.05731618215693,-0.0711082974790985,0.666492597814784,0.706323109941919,-0.764755333207435,-0.228940455089746,0.549626693457582,0.132221253000279,0.98757228676164,-0.337635597656661,1.57327178255423,0.0704005122072956,-1.67350490616191,-0.61218537011621,-0.165938185753522,-0.182418997267983,2.16471765211884,-0.760167474833923
"S016",1.30897097018307,-0.0678068003786117,0.687008925350043,0.997275286388543,0.232351581829839,0.0915224312445443,1.68564896587965,0.74909228382492,-0.558913122006789,0.309093629495881,1.20274048769228,1.56680027076113,1.18360064121085,0.999523733857731,-0.477890996553345,-0.177990688561625,1.78483336573002,2.35635181578104,0.944919207204863,-0.137768963365853,-0.624380758826625,-0.291830115094066,-1.58283433967208,-1.20396620069031,-1.57680902523301,-1.00013557564663,-0.999027516915674,-1.99078578177646,-1.94076711869067,0.731714469598104,-0.535532728009213,-1.31371896525817,0.911808898106648,1.00368592942087,0.691293836194217,-1.34865996835345,-1.34512969422947,0.0636539508212048,-0.594043356242637,0.590870248989141
"S017",0.132843323541981,1.45363720259971,-0.836351730151354,0.297232808159136,0.862494589830107,1.32803104379754,-0.181660258359656,-0.966811261658756,-0.461509398635429,-0.0761651108443318,0.0689946437379743,1.05039084811043,-0.370293786366739,1.01490957794653,0.326342146405764,0.294366725482088,0.665396085523217,1.24768793080954,1.06477606151694,0.677103452091489,0.742919335772835,-0.659386978348078,-0.99892044700479,-1.18509473300158,-0.568382501147886,-0.0958575394622919,0.0892865346366968,-1.23299915119961,0.277347079769745,-0.596701605252532,-0.367105993506887,-1.07782063326424,0.315066829068907,-0.0195707760200655,-0.161995581319464,0.389676111365257,-0.164506393922315,1.10231707006682,0.011671471526873,0.155122100755077
"S018",1.29238944625519,-0.392322531777036,0.123219195702568,1.17393032076654,0.0720087881870022,0.609102062796451,-0.255864021034788,-0.81154428728112,1.21261338453223,0.369800777747391,1.52693471999915,0.857612014373969,-1.20136906459834,-0.0889506572221192,0.63364090131885,0.258093676265193,-0.661749609898008,-0.893118511710223,0.108266864761876,0.604967485066308,-1.59955939613978,-1.3003878953973,-1.35544566562788,0.784054191975895,-0.0362572601727151,-0.913391444425795,0.314222395796699,-0.591446071578357,-0.778345814452896,-0.141520915073414,-0.748589184044923,-0.0791785362950466,-0.522621828116481,-1.0658833879642,-0.605527855294026,0.984298199392656,-0.326750306012443,-0.687488191714226,0.650274601606981,1.07317517844864
"S019",-1.60695459728061,-1.16009836017186,-1.27693293026581,-0.282499586482771,-0.620675701096967,-0.657485340329672,-0.761474667715694,-0.464385948535161,-0.861275021755649,-0.813130611224967,-0.214468855548625,-0.480585057156892,-1.84304681751544,-2.23471077963464,-0.628674017364139,0.469366596646938,-1.72262182091364,-1.22711561934191,0.454083100546134,-1.08756540886786,1.48832429875424,1.549753819468,0.865645649680954,1.8349172384093,1.76537986980204,0.621747914697103,2.28622089287001,1.16354826732691,1.65976046958943,1.37665418313227,0.0241654734334318,0.78573322222555,-1.48097996755694,0.585880537511674,-2.79700697682708,0.787637789123446,-0.794700069314868,2.31491452644781,-0.0548963211020619,0.855687694176548
"S020",0.562303633055468,1.3524446449751,-0.135706507371922,1.37447377025555,1.44963397964639,0.864298495135108,0.344973928423899,0.0730391041987413,1.67862790629409,1.30436830623071,0.795336275899975,1.97460195114006,0.096521336642199,0.508349516615997,1.73062503340546,1.21963674707477,0.523367768382657,-0.275052197711519,1.07316012244591,0.327619125798198,-1.99360473440324,-1.19637854479136,-1.0215364811184,-1.22963951553226,-1.31658682008312,-0.834761963233328,0.0678878031249691,-1.01079508355274,-1.53874856597229,-0.403350637754158,-1.48712936655919,-0.286810979158867,-0.65417312253866,-0.568584799516279,2.13948543226018,-1.98404335075221,0.207256739721415,0.449188267957781,-0.157524301015557,-1.59754746647917
"S021",0.719147400160554,-0.28677409569153,1.57265479920418,1.27721348233337,0.137564710790367,0.559073734777698,-0.139169628128855,0.349000186880652,1.50517716947643,0.699307779442577,0.285958022529568,1.03113064525145,1.69222149300717,0.794329226197804,0.664320124781109,1.29160037996811,-0.160807533737671,0.551911325311081,0.494863100961578,0.898058578720727,-0.63814824819676,0.383576553919793,-0.898922090856998,-0.874788480835079,-1.35758846510991,-1.87672767135067,-0.337328402499536,0.197273398305189,-0.0551343214717486,-1.28569646703564,-0.560009653170463,-1.76841204311467,2.07731292035803,0.590647431568157,0.277745773635124,0.709214129893459,-1.55800379975856,1.25157971718818,1.07590121827887,0.580852193859841
"S022",0.851959917913999,-0.883618201479925,0.298468151330604,-0.502905514386381,-0.506795665545781,-0.302535432043888,0.388269315923338,-0.589430348198091,0.74551496711353,0.605515453091193,-0.388641990048428,0.635326788743365,0.472379202605272,0.406077983171319,0.484772530543672,1.54910582410881,0.186158762571964,-0.248197352489326,0.258480529272084,0.473153449710771,-1.68677331591569,-0.565703921804013,0.549779576682631,-1.37873101431066,-0.951651412343794,1.63243064696381,0.277423797445517,0.464573501426846,-0.0469828008811199,0.592574717588925,-0.850129307559063,-0.732322901563105,0.378812775702578,0.644116432165366,0.354037924894901,-0.138872497295666,-0.482383825527867,0.48135196433396,-1.98900872495471,-0.104001541936003
"S023",0.707030441479483,-0.13238751426801,-1.03690841156485,-2.13768294847577,-1.21120099321127,1.22342689851164,-1.27153149271873,0.590813804099763,0.597936002840576,0.721118653735723,-0.163889464862162,0.532517695978524,-0.465069822472896,0.343117569615531,-0.347884992585097,0.169701082427654,-1.13320434713313,-0.734428363472393,-1.06448017844274,-0.835880557551525,0.236232590662248,0.903631318976138,0.332611436723965,0.902092363736624,-0.378243160732801,-0.429229540959144,0.736769439813123,1.11994661166526,0.762296151453879,0.245625462164139,1.58558844792466,0.434221321642452,0.570979029472866,-0.806236477800096,-0.571122473006901,1.68085967733582,-0.121979159876063,0.345273484293759,-0.156490942324093,0.983844722911929
"S024",0.201167763326391,1.11017150074751,0.516781215088333,-0.847280738252061,-0.00503077945201988,1.59949177896871,1.25106086980892,0.339995554216169,-0.209865731665549,0.720960299124209,-0.684834736272431,-0.171427341761535,-0.266133105198479,1.00136143723247,-0.727714191695354,1.12743991888245,1.634008092528,0.129057646614983,0.972029150955377,0.728513679442755,-0.0651451129348345,-0.68482314702019,-0.201413240041032,-0.479006568974377,-0.262184482372708,0.193819836890296,0.527075400558558,-0.945561854149007,-1.29490441283833,-1.69085360825549,-0.97193588608577,-1.30972814622067,-1.08506677159085,0.766391752531778,1.27632106471559,-0.483984094239253,1.97355898454936,-0.661625004517723,1.1218341550581,-0.0360139589852026
"S025",-0.626106455642347,0.153517179152135,-0.473560200514017,0.294868942740592,0.453089159676421,-1.25992184863497,-1.22907569887885,0.000971092370963961,0.329705180377774,-0.491394816304153,0.192139045095121,-0.248130748112695,-0.562165108902668,-0.728166805616501,1.27806981871665,-0.141056715744717,-1.21925236884314,1.26941701573116,-0.560814842465266,-0.241725806032978,1.00782920944434,0.781205883482654,0.690083506624659,0.104878024970577,-0.957206447907577,1.54026469504207,1.05595385814855,2.27912810485981,-0.483573874702758,0.106725434698553,1.01328027887807,1.14750699078344,-1.09232596627353,0.454796105252916,-0.485950748732226,0.655470641730872,-0.0601175358776287,0.0611798247606102,-1.53011358456574,1.59973370892684
"S026",-0.102650300715071,1.12518219978435,-1.28674005366873,-1.95811358856996,-0.409786959684184,-0.901331576740763,-0.71418362660249,-0.337427787708765,-1.1017435567245,-0.286216481952079,0.333663670019785,-0.411254692466038,0.637001459548148,-0.367221150918308,-0.249164428116823,0.265087101678892,-0.155326182127357,0.824901690487785,-1.47301072399257,-0.57968385440422,0.494804029461976,0.451413930194147,0.701488435349627,0.814474713531194,0.468677356008776,1.00156787124555,-0.361293211486579,0.319145708443616,-0.0887720877296494,0.431999501783298,-0.460988020424375,0.630278366671842,1.05723483243608,-1.0696959638466,-0.186636816225631,-0.153033500907277,-0.366951906119965,-1.97261871342789,-1.1506024907433,0.144113289832975
"S027",-1.28544992904093,-1.48929982072873,-0.839484088314176,0.161315343421346,-0.744174595547717,-1.73520629711778,-1.28410789396361,-1.70114060050453,-0.412499925394099,-1.94004702743382,-0.696097809947646,-0.360639371854704,-0.0173687288589841,0.254522247871953,-1.20710891953083,-0.663728850057331,-1.15842738227373,-1.62208113953985,-0.438547538309262,-0.812598963011899,0.176079157658407,1.69419238449104,0.404089530827006,-0.293540881351265,0.864585268578981,0.128274008798403,0.454848043781775,-0.700938064678372,0.527166937092218,2.04825291554824,0.847758772130736,-0.54575165627564,-0.146580971902658,0.578811072054059,-0.472462199374744,0.993454309330523,-0.618757271389808,0.586979134011975,-0.152068357755146,-0.976488404921156
"S028",0.328284970955169,-0.47508187222589,1.53222395906393,-0.180888687426823,0.368939735307251,-0.835223111939095,1.39737027886203,-1.34609282719047,1.25960412937926,-0.827255193338724,1.27606729375993,0.597526782331431,-0.392217874106311,0.101326918867711,-0.665184869108176,0.827494418874439,1.16615323876073,1.36411360274977,0.950859463430512,0.877699241775265,-0.368447638146641,0.228467722317203,-0.475226041323991,-0.422956410202123,-0.810715973152695,-0.985391184466248,0.690273349922219,0.81759957044902,-1.34656300611999,0.458422366355872,0.278728540456546,-0.241901644844741,-1.93231888711556,-0.519994898193661,0.299880386079398,0.0812343792032008,-0.0120145005130227,-0.196411283229507,-0.289653721402035,0.618916746529819
"S029",-0.49120473143133,1.04290599405404,-0.962370825836767,-0.566289487895237,-1.03118660367078,0.318436705693745,-1.41731823542362,-0.275493489926083,-0.145099149271694,0.179570324018008,0.622866376601411,-1.86787795418627,-0.129019886268782,1.25582533967715,0.98929766967485,-0.591364080324824,0.210776320460267,0.311176289185966,0.528738946763355,0.636560612648224,0.825527762690133,1.04494955484638,0.915729462327153,-0.0889446506930009,0.310705344796548,-0.0787336592822028,0.0420766569158391,-0.347453940165468,0.304928639155853,0.372231426917961,1.62979919648706,0.592059300037358,0.559618255988702,-0.455914838239052,-1.10026580235919,0.596602660220197,-0.802038994995067,-1.85904330041582,-0.375613703581662,-1.1372832549666
"S030",0.745723414814173,-0.284787510258745,1.2162766035322,-0.982440724192511,1.94765090919096,0.555522013744468,1.44332112430855,0.87443982680719,1.79384713360876,1.24494058313772,-0.910794112119283,0.894744832720233,0.594363494368786,1.25492770658809,0.0330036155971029,1.50823350070719,-1.04092034035769,0.596016035394053,1.51429333045379,1.14460357550712,-0.109439023801547,-0.958072627953792,-1.60660625172198,-0.294454856843336,-1.94365419265263,-0.960122776742454,-0.362824471612534,-1.14118392468784,0.147706142572783,-1.24112093093607,-1.52077382786905,0.174749703031078,-1.53955885177828,-0.657438465654211,1.87021895739,-0.533578682110249,-1.48696807590996,0.379361929767819,-0.450084509356138,-2.47520159924375
"S031",0.895927380734513,1.01535177447865,1.0743175648606,1.40018841978378,0.820966332874503,0.949864415117467,0.601513535252115,0.524881030586416,0.219193916825604,0.219426960273852,1.49932764665035,1.79916214427497,-0.417626975555301,-0.586587099303076,0.405227108557255,-0.0745462429514433,0.180532862945361,0.580184422278725,0.451240846900182,0.8505997018197,-0.432435165832061,-0.111718984180767,-0.395812930389151,-0.666618689057336,-2.05266157240273,0.563367565329265,-0.362308221066836,-1.08636718721442,-1.35725684157541,-0.73707563142906,-0.797147728699285,-0.686487893838059,-1.23035832028603,-0.753973962622289,0.385687267524115,0.790493695456309,-0.408520796719068,-0.052438378529812,0.717221793667427,1.08069439879916
"S032",-0.0486801434439215,-0.0751653371002493,-1.04818363619586,0.443251895620753,0.00866801395046466,-0.120385759721363,-1.05177661405147,0.340401755595322,0.190430158322168,-1.13155560983738,-0.6443843445303,-1.28374350694756,-0.478061705553426,0.536742335013044,-0.682178996139567,-1.10364954833105,0.00520011532763919,-0.755183121578866,-0.712590197351734,-2.97808440333282,0.872124246238025,0.388274855994029,0.819751500017896,0.425732284948942,-0.285452089525718,-0.249212774508617,1.32938436237409,0.0726080885696551,0.267299177944577,0.0966938881762836,0.604569192910639,-0.154114103418674,-0.738527149930022,0.271121280537597,0.0897454623000154,-0.526797731913555,-0.487106182133729,2.19571700093192,0.238383101633435,-1.28465617816238
"S033",1.90260412132629,2.07047227646952,-0.0505345747306033,1.96935102066547,0.861679366837813,0.55463727227724,1.02648161196338,-0.0256698480207364,0.122768832409465,0.0526694518932869,0.61305155386381,0.819517418534045,0.788302944887442,0.522358989760511,1.33213580660659,1.06085185245695,2.26567728991275,0.130269597278862,1.2250470204207,1.14993412464457,-1.59628502933559,-3.12557400442449,-0.838189381345542,-1.31570468591237,-0.980343768393747,-0.424046818058111,-0.606890037462565,-2.3018042820703,-0.645422542016035,-1.6129307109946,0.00506366159283229,-0.963623894335561,-0.0192430983250187,-2.10972118029261,-0.895609450291341,0.670107162717641,-0.216792995677373,0.201147886524558,1.20257267650109,-0.9276583048754
"S034",0.699070358608125,1.4770554350224,1.19483016298245,-1.95787782300369,1.09508858950253,0.682607930976781,-0.495950199967392,0.834005842247651,0.774754195570219,0.447961118608346,0.368260150709575,1.23094118742915,0.744991215614451,-0.217895623624064,1.17364500220021,0.822639854211184,0.55199334290435,1.0895944048718,0.559769842654557,1.27614360112102,-0.619350671858079,-0.547845681497446,-0.610386125800794,-0.419365334878675,-0.54018342257475,-1.51022932396351,-1.16668972696923,-0.734628523658607,-1.78180103272047,-1.14613148548837,-0.692473556774428,-0.386119984339006,1.27433061114664,0.0669688077785365,0.419454383192937,-0.120552267300205,0.112630540104723,-0.392924940950807,-0.367928037085322,0.447728769400171
"S035",-0.766905601212657,-1.68698339173135,-1.1129465824638,-0.327168720978017,0.82346066504812,-1.49004256065116,0.898427510787007,-1.88591566125233,-1.62670714001942,-0.842376289818643,0.262536614040507,0.619984639144686,-0.459327426054508,0.0631615088060468,-0.782822934413771,-0.517901343300007,-0.642913965853635,1.31335698067141,0.468138693740268,-0.735126299107293,1.14969176129085,-0.402751091792581,-0.973993863267077,-0.271549104772893,0.378069612752215,0.203701918824088,-0.599383564856817,-0.64988395759795,-0.0608044940831726,1.51726526248801,0.544391761478497,0.735384799122617,-0.944574690174937,-1.60484395074324,-0.305486275547415,-0.846696891283476,1.11256469368837,-1.82717976628876,-0.0497962203994393,1.39616415072937
"S036",0.399911432980923,0.927953184570624,-0.946016799645039,0.207982288001815,0.523587603867574,0.493119733854508,0.540781051279208,-0.362404487183112,1.37524697539149,1.53422925111849,-1.15336905906659,1.09212143785832,0.425784402399869,0.466516078945215,-0.242834363952178,1.43046786269177,1.05197562181929,1.93391659647801,1.11255750768648,-0.192373656318335,-0.655215700117306,0.0743353612257539,-0.455714188693188,-1.30440499802533,-1.79970501995645,-0.867927359316361,0.643717126404461,0.56986887965323,0.0120748546495536,0.416161919222049,-0.389916958599354,-0.991624433276957,-0.636058210401175,0.986606238918215,0.735702862989399,-0.632490121087056,1.48299417571025,0.708838694419961,0.74718380803174,1.5522790385205
"S037",-0.740807205472633,0.44240753761622,0.625556242290168,-0.434541625866438,0.260077798031694,-1.02625845070607,-0.459684749827785,0.372980868068263,-2.61663437731749,-0.776544415563705,0.243554106375142,-0.955951748251988,-0.797410930016581,-0.80188683327079,0.127695479057105,-0.896168147804437,-1.69168541095185,-1.04092481585139,-0.00842108370289374,0.167150085365852,1.84309786042981,1.95836085703518,0.488610384680486,0.0348752077602262,0.750567452346461,1.61608892094301,0.686978954341955,1.11491084203299,0.55262502246895,0.596177049155102,0.381704926027418,0.454783288166248,0.930417964450076,0.854103734608941,0.510960261505486,-4.12637620948403,-0.497615212206758,0.463749315083565,0.814685230935748,-0.090360394238189
"S038",0.248331105062138,0.128253443283998,-0.959681340391573,-2.12013501667725,0.311844969670816,-2.00235113119037,-0.0315994841584632,0.834704407625449,-1.1388960153872,-1.04420109331746,-0.845981317988514,0.674272467889717,-0.0664365542967558,-0.704522860033847,-0.231957383337268,0.779614949116997,-0.40914516031115,-0.668826050312914,-1.42134312322814,-1.54063792002466,0.352476073464191,0.349366711581544,-0.121629206309237,1.14235015120015,0.758695568407361,-0.454790971904061,0.673891620369113,0.804364367899977,-0.319798164651259,-0.232832719666552,1.76411910510718,0.890738240935908,-1.24667244334946,-0.26648586019342,1.37281400058051,1.76529922215823,-0.393343278158842,1.1789501922519,-2.61539846896693,0.787947927014964
"S039",-3.39506499907664,-0.853913041495211,-0.463965814027355,-1.77547656562098,-0.69097945175821,-1.62980330836273,-1.10699329341028,-1.19868058865295,-1.87889361411847,-2.26905131951557,-1.17784768408631,-1.57772182125891,-1.49911094572557,-0.800201475249974,-1.24024151849189,-0.596336968778206,-0.396026664951654,-0.984855697297932,-1.98756781420602,-2.01050062645567,1.79219755876017,0.116963178473308,3.01735197821292,2.01742375381307,1.13047585975309,1.39904998581279,3.04436398753259,0.244933325465844,1.49015054742603,1.00705285841378,2.21027334956854,1.42485513935909,-0.225608355774563,1.36880860507376,-0.658363718559745,1.98033465365851,-0.267661197692505,-0.548052042886048,1.80841909567043,-0.691036913330894
"S040",0.619997557713807,0.262416115126296,0.542251926181516,1.18251326704392,0.466593338757147,0.435907819129696,0.316113680785531,1.65583722776216,0.318994997637367,1.2996504100595,0.362793627223964,1.11404629702974,-0.44015466840887,1.5012091252406,1.11976731015722,-0.764758784478948,1.34153352320861,0.130128239404219,0.366669144723976,1.23954145138754,-0.97908162511863,-0.0671319392757129,-0.734351195139101,-0.492612995948561,0.340629173222314,-2.06169584945726,-1.48567317064154,-1.529114577818,-0.0304078304697038,-0.580837258160971,-0.153824465789145,-1.48767874004408,-1.21385810177512,-0.473212611608412,1.68431319595148,0.321709725396618,-1.48732917502866,-0.725027572514439,-2.45911096326174,-1.05633113348237
"S041",0.690611202163139,-0.396025842576552,-0.280814971315617,0.316825356844341,1.48012501638675,0.223780274434635,0.716633230742781,-0.781593114678347,-0.291724761289788,-0.203835532713275,0.243143423502201,0.722085782061151,-0.644212094532386,1.46478607364407,0.660640464633859,1.39447448278903,0.574610182428543,-0.795823303390995,0.037989733981595,0.668550268370811,0.374609857348225,0.193595602928664,0.188511832233283,-0.970286753133167,0.132739971728129,-0.196946654616268,-0.967721417949028,0.0303139562311301,-0.241556526837256,0.464371193687931,-0.566643552642631,0.164600207557633,-1.01224521209505,-0.541409526510375,0.487672785224223,-2.18217929618824,-1.73760773505875,0.132009682229407,-1.73294005131484,1.10057386094372
"S042",0.3887850828337,-0.816952968684196,-0.750131564104571,2.29410579962717,0.452601410921543,0.435172875213392,0.963603291786909,-0.244061519480884,-0.0911232017760845,0.895875656376798,-0.156139980495263,0.340422405739234,0.576340025341165,0.107804471341398,0.519405084606725,0.543497945011705,0.888840081499312,-0.158198189694225,0.955986672353581,0.0664061456705827,-0.168711229042161,0.389089136049165,-0.603883854737486,0.637998128819404,-0.450124547149871,-0.32205281326615,-0.618454588967162,0.472025187898301,-1.09429976261508,-0.149615671976526,0.493586760676906,-0.576794323815286,0.0210186952800297,-0.565017688210067,-0.57460214133602,0.363650087595747,-0.0692153611852466,0.0792357305397096,-1.54297716286144,0.713717121648778
"S043",-0.214537585136084,-0.200937231548458,-1.3837754429511,-0.390983908667206,0.0639992741576172,-1.19879176227137,-1.38276351266322,0.0731938105375198,-0.219064535175643,-0.831911440266456,-0.337243260066111,-1.47205579155092,-0.9056863359603,-0.402850887113574,-2.24022789252494,-0.584986160331612,-0.0127743337602507,-2.90576540323383,-0.700725572317288,-0.136847078935912,0.746201968313102,0.451908572801551,-0.274698573989097,0.479343608067348,0.241900757292177,0.48678582944121,0.718681184198078,-0.036458940921937,1.0359768510439,1.17780956846657,0.737787100107761,0.608856688275498,-1.19165451395407,-0.0111993623002378,-0.615730115915343,-0.01242952743481,0.100647900766045,0.359697784685073,0.270133350370177,0.411937139572416
"S044",-1.14189998631524,-1.18523558539249,-1.1598067833245,0.444453772583009,-1.69641453648781,-0.705570233846446,-1.39715425946894,-0.840773794028961,-1.30661297734857,-1.58874240352508,-1.35730378382406,-1.83928113768924,-0.790899536189064,-0.555297617896054,-1.16266517979142,-1.24177808260841,-0.843129728911981,-1.66193633489614,-0.996727731316953,-0.874110115116586,0.628040319837535,1.24794184447498,0.555914470023674,2.02392975416107,1.57055657553732,0.967512407608707,-0.0641910671653167,0.782940836106393,2.03986536948857,0.760617328810625,1.79357242981986,1.17208505202716,-0.186193902146803,-1.13502745057094,-1.32232849043418,0.0431536840608704,1.60764491948245,-0.391686525017098,-0.375811128863953,0.6623868443334
"S045",0.657541217445516,0.84213238750034,0.858094071679653,0.262093382362661,0.538851871126629,0.692535387842269,1.87676881242884,0.363785608227958,0.178561909553013,-0.00868609656396595,0.426307154106629,0.816555041170826,1.43628247574636,-0.275404789069459,0.927720766723767,0.564393201228023,0.661037384811877,1.12868997635065,0.423890319891414,0.737820709413251,-0.0430349091166675,-0.930868866613647,-1.39699622327396,-0.889196066592117,-0.219216650160344,-1.08813398153123,-0.966896787964581,-0.641144534882407,-0.0695123954256364,0.111851279209263,-0.617167008231541,-1.03765704494587,0.00450985743641075,1.37044584936559,-0.362197205953735,-0.148887983194107,1.24739722836925,-0.374096722367107,0.645865989513235,2.05723574711738
"S046",-0.768146334950164,-0.0763986220918339,-0.743859157315382,0.303759205911602,-1.13724602465802,-1.47255898718333,-1.07071197344816,-0.0642763261874679,-0.904167393249029,-1.02117136249372,-1.03280629135655,-1.38773721575654,-0.379847980353254,-1.9301353252537,-1.79842855925636,-0.448417755229861,-0.266032491576536,0.0825953397024218,-1.49210670203743,-0.724686339000288,1.07059665983738,1.94379158412048,0.861477417243695,1.39062814744999,2.01656601930245,2.00804938633623,0.996514927471062,-0.114313979589456,1.47928268445572,1.2684469333402,0.833191211928805,0.254585660385831,0.818114615252646,-1.88998341983088,0.883046608073431,-0.395218221550098,2.14485667014898,0.549389677156918,-1.15908511989524,-0.253598157712131
"S047",-0.0457740318815231,1.21253762034469,-0.651077359946366,0.21844867599506,-0.0784181034280405,1.50771094786937,0.0748295364995947,0.571547198348111,-0.254315647395737,1.36607298143902,-1.31573510977149,0.409029193292318,0.766511926383364,-0.794396450344906,1.5529578042873,-0.115527621480304,0.163488994359448,0.310598953881263,0.501120212180704,-0.272173692402194,0.954855372911311,0.891444306164698,-2.1673353816982,0.12546217822061,-0.554948256109655,0.263127164742007,-0.0745608411314162,0.306601256375533,-0.585568282694946,0.131536648782535,-0.305121392697385,-0.107769480668181,-0.993113688791268,-1.35575651321846,0.479799524063718,0.926953200816072,0.198956179997187,-0.733993527597347,-1.30925802947802,-0.861686650103519
"S048",-0.104641774079187,0.205392509972705,-1.07628254432543,-0.184532986150786,-1.1584412076252,-0.465847491478025,-0.603578361818116,0.520781148252889,-0.165779682373807,-0.157862065698174,-0.0126796416881481,-1.05078827224263,-0.680071025672616,-1.47363729815954,-0.557079012759018,-0.879587979265834,-0.806317273035007,-0.0764342556475509,-0.236434920394985,-1.22649310386778,-0.291356001249855,-0.525163370691393,-0.137929245186466,0.057365754217407,-0.156289785229045,-0.251282919767856,0.722311019814543,0.50973429205903,-0.0447957679086389,0.933136775816713,0.391687130735011,1.51967836718518,0.940137540535664,-0.521060075157787,-1.37921196621978,0.224153330237557,-0.635470227832968,0.486560915781314,1.21437133608365,-0.46869187371611
"S049",0.333488654889713,-0.388932810996538,-1.69326828376811,0.0773716635444584,0.151839227624905,-0.349948139951367,0.244490536413292,0.390484189315109,-0.346043287232971,-0.903219205964106,0.787991382026124,-1.62622405167269,-0.95507601152956,0.00789063224084917,0.775748690773989,0.19825851852327,0.248394859363673,-0.106856588722076,-1.8167216597546,0.551886684538351,0.202512947677482,0.228572411909007,1.6889924270521,-0.456953742457058,0.931617576577083,-0.128168765970424,0.858521867831422,-0.18936163878198,-0.0548654427766312,0.177482749599788,-0.605332066474593,0.522454662039897,0.469453998658633,1.70903102198507,-0.0946948665719058,0.232134892801531,-0.0627536706988253,-0.0535679688608172,0.135509281368336,-0.378008317990068
"S050",-0.0674723310138741,0.705353534780926,0.896026228558404,-0.864104936863057,-1.14039922106574,-1.51786892386499,0.0416452255104633,-0.392198128510546,0.210963123469813,-0.0965276109604481,-0.115526035192674,-0.0879661862049745,0.171717046671702,0.11959475004378,-1.70668119538534,0.166309969801112,0.578935053653752,-1.39683691580565,0.0306339791100107,0.862788642937759,-0.162916049911249,-0.679119796928832,-0.0427856763155499,0.178671669214512,0.303009800386113,1.19098210604345,-0.0726092066182641,0.522497511872562,1.24904507735511,-0.141871717720438,0.125322595047387,-0.150484176427978,-0.766242485623368,0.399958360362698,-0.541580396017972,0.245170988382413,-1.91316181887139,0.0554774842614692,-1.06941148350078,-0.00206749754994789
"S051",1.43199647051351,-0.131178014596138,2.00133997713379,1.00502635975131,1.62171425187708,1.93510049770369,2.37685045093813,1.09017447711796,2.3620762811591,1.8140080943029,0.707382513143111,1.32852584135853,0.488777148229075,1.69007094900794,-0.821153185772859,1.36186523627932,1.29503794500663,0.426121061080702,1.70072471515013,1.24379888951299,-1.9868838817126,-2.66328837765512,-1.82365854579026,-2.70827658984476,0.235399704037784,0.181632456123335,-1.58116897369925,-0.924785295008811,-1.2828240811404,-1.61549275523456,-0.877953105032322,-1.69235939895772,-0.459495284304555,-2.10402025247205,0.240932667260809,0.263692706277512,-0.269238285867712,0.50363792530108,-0.0452021911586447,-2.09326578277276
"S052",-1.50871941297963,-0.936911691280785,0.0844842817798726,-0.134944979363439,-0.152257643191245,0.0888219075472408,-0.537542932061284,0.923254885229243,-1.37679201656834,-0.453429518682616,-2.26469137446375,-0.456484979948785,-1.57002944749326,0.414589980254614,-0.228233920092534,-0.298746699885169,-0.411307576863051,-1.09605296906487,-0.365867682583223,0.312384818586386,0.836101491544679,-0.0581672073900822,1.1732699641993,0.0718853090238217,-0.295878356279942,0.730157328715974,0.937733825151898,0.878621983166973,-0.485983140038108,-0.430090416414739,0.616571700843369,0.689512335707677,0.651173443569392,0.489158892841994,0.693096254415677,-0.203698598567037,-0.244604385898695,-0.0455189342797489,-0.203389162118138,-0.646603152977986
"S053",-0.476865593329368,-1.05421191668065,-0.979200995500296,-0.373050596732886,0.46232515255728,1.46090454599921,0.22326229615931,-0.47238868816649,-0.217991994169401,0.434577416775015,-2.09586559096746,-1.10000603785776,1.47791355379938,-0.597813810588108,-1.56208800496719,-0.967285598671662,-1.4177192707553,0.149250836328218,0.262143814511823,-0.618338948365407,-0.457082097931701,-0.0334377155325557,0.835610983434973,0.375510039196787,-1.18452702681412,0.556916704231203,1.20616403050922,1.4174081892931,-1.38520331993399,-0.0103649690886027,1.17055451106988,-0.156301971893285,0.275010654049725,-0.40868186378154,-1.42223331280701,0.249304232852455,1.85272991588498,-1.29263556070024,-0.471912999512618,-1.36591103441588
"S054",-1.59094888506466,-1.92803958595693,-1.86304747736595,-0.974626574025306,-0.86112760121469,-0.496988549612145,-1.70828497083755,-1.69135977633587,-1.14912312020699,-0.661787046442197,-1.18403222176753,-0.959613413916351,-1.46382402296859,-1.17683556311983,0.317385779362125,-3.16067140721731,0.3380352881529,-1.39143259762517,-1.09837755479472,-1.58085811317168,1.00079331376621,2.36555588954906,0.440871284246588,1.80081674925585,2.06861052739448,1.40293111960148,0.631277317508767,2.22620792565659,2.30051695308178,1.60428072341045,1.87250823387889,1.65258242453117,-0.643170343223436,-0.375462841386156,-0.958656970161991,-1.20006048456518,0.438468808235484,-1.38754680227765,-0.862645228199714,1.05262902209523
"S055",0.381291037891237,1.30091276363705,1.87285928428955,2.18278357616775,1.12563678933952,1.49673607911815,1.11513074430777,2.17962476339728,2.31753819179041,0.131803060252107,1.85718162077382,1.67331929596797,0.886327669491609,2.54444790775925,1.47971014901614,1.0154918050287,0.741322987888944,0.978146644917284,1.82395501818973,1.32143715952421,-0.441066819377386,-0.604817305740539,-1.32829618792501,-0.78268108329873,-2.19269356750564,-0.603041224540042,-0.821900796926033,-1.94960920364299,-2.39336859605258,-1.92521470775589,-1.90041003891839,-1.15055602600785,1.59315373800476,1.52345905415766,0.815116403137157,1.35100089251863,0.728202244869082,-0.506653727389952,-0.0469396918715665,0.64693473556471
"S056",0.331936324794951,0.917700967507214,0.762333742308381,0.285069541116029,-0.312335467606443,0.303810289396394,0.645095804086312,-0.532372536702662,-0.704126995030379,1.15458892166938,0.738222234829183,0.276791941712229,-0.425079298816153,0.841579358957742,0.347829214768101,0.918422969158784,0.0225966711643751,-0.496269813437871,-0.663750844552388,0.534675304477944,-0.36741862327571,-1.03688036281902,-0.629198480503201,0.226424109777098,-0.176714212507004,-0.3851081992599,-1.00270005589073,0.270279562440431,0.0029226705376584,-0.355495538323751,0.744093175175892,-0.939211105209994,-1.26698186106243,1.17320824987228,-0.397322686368962,-2.39248112038212,0.856543637032034,0.563100894423882,-0.464471182653041,1.91634166078594
"S057",-0.297538281678332,0.902755817161797,-1.25858578245236,-0.105898319284381,-0.443075135259742,0.210823621967378,-1.66599896101676,0.198655178098158,-1.25541971719967,-0.559078890913702,0.939709848005399,-0.490116268573841,0.479356108213171,-0.442249033700022,-0.0550888113267993,-1.85563156686667,-0.341486904154188,0.404276156072427,-0.333107881145749,-0.459488862339252,-0.0487231963305139,2.19317700948222,-1.15002722389249,-0.205956576130681,1.21763299878575,0.687614244281542,0.397412051154211,0.00487590100404554,1.38148116181856,0.24268044137777,-0.154609721875794,1.17549830510439,2.03443202789354,0.0977686422099154,0.796706456125009,-1.84115350588,-0.68926656684793,0.794257159365391,0.62054256748426,-0.0277098678798542
"S058",1.21450377799998,1.87825446353508,0.513678087780829,-0.130381748161625,0.365336581642154,0.176871732660184,0.819435451849294,0.0310474968859619,0.228220737168641,0.477395851252276,-0.335569883059299,-0.322547513166127,0.37325546342097,0.977506551053471,0.0149914579952691,0.0452396721350818,0.292049080522518,-0.593041763914198,-1.17564897467469,1.41221085110193,-0.544904095440644,-0.332344417561773,-1.26809066559542,-0.289864517584486,-0.826482600199057,-1.45766893358293,0.100243856406703,-0.0319812671587184,-0.135075985917266,-0.0590356135892705,-2.21555271313351,-0.890575131522783,-1.81569994947404,-0.94510979740001,-0.0347025758491442,0.111670439169822,0.423476865817795,1.13766395544106,-0.142920364520477,-0.667906353644656
"S059",-0.445236296355016,-0.765305910914098,0.0727625107028798,-0.224352573600418,-0.497909761753564,-1.34413025119892,-1.22001185724411,-0.0934421891655218,-1.03881876331484,-1.64526837013534,-0.430294914092619,-1.17241269035561,-0.273716460481502,-1.37560540619632,-0.535434910204259,0.225810439614971,-0.541704854021652,-0.795210643156405,-0.398087052404443,-1.38971053382547,1.1267713774848,-0.19779605304166,1.48803758616287,1.54932376105949,0.676998219317098,0.52559495965954,0.325521357162081,1.06811527487391,-0.313524222740201,-0.152571559740769,-0.0267319916544689,0.242872147155214,0.916446358139705,-0.31304951598959,2.48468042828973,0.437098205052107,0.216859055615424,0.646341173109419,0.0300883726016233,0.896898398046673
"S060",-0.0847663482745799,-0.439441202918284,0.902604288223329,-1.67593472984164,0.0722240933393732,1.16725432705421,-0.532046797864609,-1.00823673840956,-0.547552347596693,0.458225890521102,-1.37857423397384,-0.914422251841951,-1.68347427835394,-1.00606367535265,-1.34775082922501,-2.18786711175051,0.483320201550166,-2.52886444578886,-0.99461648293708,0.0466381049801502,1.5647088515604,-1.07983756834006,2.23223378937459,0.972752928506306,0.565160283307852,1.88701062061335,1.94236284400656,1.04991052678634,-0.164207924851556,-0.0963773298808615,1.4790322225527,2.70178908436368,0.27097053601442,-0.50768635613454,0.905602081519051,0.314481239361153,-2.27625876724749,-0.708872814913454,0.19306964890975,1.76001666968563
"S061",-0.463256240230616,0.461362414791691,-0.646121016881124,-0.223305055407083,-1.23621892898102,-1.31135147568337,-1.24025575698082,-0.711024147558755,-0.64110738301061,-1.08539877323471,-0.723781806530794,-1.43457198183898,-0.641426891950461,-0.332912870289562,-1.45035791094329,-1.42324279946655,-1.65690365598186,-0.502498145861683,-2.28115572911735,0.119319063274276,1.02681906989767,0.890664334023067,-0.257865700276328,1.66642243841801,0.526099933444424,0.256929319513613,-0.0453124569869702,0.485099341236079,0.663835848292466,1.04651725169937,1.2348858812959,0.969524684720538,0.898581196921438,-0.988585656510147,0.477112686836103,-1.72479851547142,0.0439819747595318,-0.03619517154154,-1.07001013407446,0.156103385028684
"S062",0.705326824157281,0.510804059104389,0.173318407902677,-0.262759671433438,-1.05318921790619,-1.3486885778805,-0.871409612263488,1.05094523798044,0.722335412249163,-0.701109996218797,0.598620719295687,0.0135540353805373,-0.472488427521685,-0.786504242223509,0.717315673575212,0.610426115504168,0.482271145508928,0.0627091048068386,0.619583828550586,-0.496414636820058,-0.103720309589238,0.607857856036434,0.614026557959527,-0.04381127895529,-0.114250157966019,0.779754926693392,0.407723472912987,-0.123764727349599,1.19138015937124,0.398285867470194,-0.271980100303254,-0.174250268841441,1.5915122772269,0.797184540416582,-1.42586470472881,0.453984447953064,-0.192500139709312,2.60303506332722,0.504369641592293,-0.454043164777675
"S063",-1.22712439584958,0.0510698118991352,-0.167285327723342,0.0183677638075455,-0.336858520894751,-0.127044176081536,-0.473357287954631,0.933464637385349,0.945280977198487,1.07265956813161,-1.15083319511789,0.606855480345749,0.510220135825811,-1.39502649040814,0.525297801503552,-0.425847408322689,-0.0262961223349746,1.18161225112602,0.142069791050137,0.595401661039071,-1.73862637179379,-0.00885863531135926,-1.23587069221302,-0.350431072092695,0.550114784877248,0.158451601961482,-0.247108115296876,-1.29399654221261,-0.411788889470851,-0.642438109401669,0.112513904159353,0.47667128954795,-0.221533262237796,-0.665948169763364,-0.681408101230284,-0.597368939455825,0.406924752498739,1.03995442008815,-0.485364729219345,-2.57778668100069
"S064",-1.60467686407181,-2.74595543982232,-1.89273372461653,-1.95370684733352,-1.95905956873934,-0.669222592903804,-0.532501942871777,-1.78771946970833,-0.142568412178702,-0.205860566813505,-1.41135547625498,-1.18946770649046,-1.59420600028346,-0.418278324345038,-2.08987509160115,-0.854258299461441,-0.433607976656688,-1.44431996577681,-0.446129101667977,-1.06955517450421,0.447043128102455,0.523002528823151,-0.811644266956063,0.401833541010585,1.76038665673549,1.30011029587765,0.308176174449848,2.29191688177816,0.025167411003589,0.699520881608435,0.364957715601095,0.984990258597549,0.161510973639169,0.969087694555935,1.42792088006908,0.663574071949428,-0.119541335141247,-0.883255983139953,-1.39402196667679,0.505693061539308
"S065",1.80131190014612,-0.112764375604327,2.41586211852025,0.311608700509509,2.16320241176797,0.828191291163473,1.09025329871021,1.98829844552259,1.12409557388258,1.94777642353985,2.11070452477039,0.142868012752066,0.546345301140409,1.96233019813302,0.503711217180123,1.22007971208222,0.959381283659296,-0.268421586744697,1.27519175477229,2.17949773137232,-0.261586589834732,-0.734120217227789,-0.74085038131324,-0.164918494191855,-0.130105422833428,-1.84970150297957,-0.88057929266805,-1.37908071948022,-0.115946595975545,-1.73741097544984,-1.66506244241658,-2.15232168104388,-1.63577214641741,-0.503183842631158,-0.842098486306409,-0.255777552127832,0.867749048852413,-0.623255989333176,0.989980324369101,-0.208883447646849
"S066",-0.55829982208214,-0.957644798761751,-0.447926501119975,-0.0984723832292049,-1.55413254453087,-0.269841495111923,-0.136021450865626,-1.62566792086896,0.253157475498478,-0.00405208331515056,-0.32003552782971,-0.155386711962612,-1.55403948552848,-1.57037461972421,-0.328919395580061,-0.734721568927477,-1.24573507288656,0.483416019517474,-1.53559906535343,0.466458480265712,0.227277571800548,-1.23293773051458,-0.353330931671948,1.28969417652269,1.0460592172856,-0.71425720619761,-0.278299800551645,-0.0964359680022622,0.405369837438968,1.14533803371203,0.0160185939318448,-1.13233363064335,0.377680505480075,-0.787486105309753,0.00332717621344332,0.220322074780523,-0.501845785455489,-1.58578890262016,0.488891774050073,-0.149521269563976
"S067",0.859737839988743,-0.71513033102165,-0.446135044785815,0.175059744250446,-0.193653599938505,-0.405556780895281,-1.7440527856527,0.801189574061774,-0.416707289628172,0.690129585089241,0.229280965124814,1.1505667915138,1.39736572128473,-1.28577941555389,-0.00289727095983035,0.251819767360196,-0.49957522272536,-0.31949234285526,1.4059072880168,-0.0123055571115469,-0.605482013013225,-1.66730167524678,0.0185272707243451,-1.60050121907109,0.239467526720937,-0.648261398896525,-0.299437237093172,-1.31019883133283,1.40909941255449,0.106247839924986,-0.622028763135431,-1.92807974690399,-0.673245042805062,0.808646297621712,0.225758555065901,-1.24752448827409,-2.13016759708039,-0.00401512758417966,1.34678309204014,-0.182215560352796
"S068",0.21751031735162,0.389097837575568,2.23101483572404,0.413696705469884,2.2798772374658,1.15442128325304,0.228720215886014,-0.302462027375762,-0.181735079145112,0.619240796171572,0.704889765618834,0.710518233919874,0.171898240640451,-0.274784888839028,0.863574683017003,1.1844874321992,0.250577675299565,0.652967560200031,0.842899729501255,0.178140187741973,-1.28620533738934,0.933846257106588,0.395867379254502,-0.633535440362577,0.797521020145157,-0.96379807071068,-0.0606223350011937,-0.125673673727101,-0.0764499596504313,-0.899751448673822,-2.36496617403666,0.183865263970994,2.08010922832951,-0.152001319431398,0.106809666666573,1.19988907395477,0.0575459799077443,0.749874837314486,1.77957752910876,-1.16624507119885
"S069",0.705012846179975,0.549795773221467,0.050772889576764,0.715122069890426,0.0704785795567522,-0.68831448947099,-0.592139405067882,0.767360109659719,0.673649695073221,0.74933741970534,1.50048334566045,0.32150922977953,-0.0845124611676524,1.45006355363151,0.663305581864425,0.506754635100332,-1.47417625226422,1.70503049804635,-0.599651119268378,1.35657686599051,-2.09557700497715,0.805947839330499,-0.899549475066544,-0.300600946976717,0.0883107998551667,0.642994024221628,0.606356594804394,-0.946790428166688,-0.115680437848935,0.186096140120245,0.167826176393321,-1.08699620725952,-0.803563304204214,0.120382881683476,-0.457089504262116,-0.42687367578204,0.169013498697178,-0.210064799613774,-0.043025461925538,-1.13491571689773
"S070",-1.25977919762584,0.3603392025752,-0.491986018796756,-0.21313306541318,-0.225929991422465,-0.118315106210606,1.05692811791815,-1.04919675061963,0.60192633582088,-0.153148833462165,-0.147581174998595,-0.228535694344334,1.53572422516292,0.36440054214775,-0.931652000759013,-0.842912460068207,-1.53707199142907,-0.95894254308065,0.25372258267055,-0.500225249304049,1.35309583877533,0.122184353266948,1.5329976121583,0.775465289961852,-0.917749408784523,0.601216818045919,-0.912666028428959,0.253532807556358,-0.459053442783333,0.269785602649827,0.404937799980392,1.60390377847612,0.00841423512301429,-0.556720477696469,-1.07368467870416,0.636058982600291,-0.677546192395057,-0.413038502729448,-0.177360489188118,0.584943370206655
"S071",-0.202872799477205,0.674860977536349,-0.542000001995033,-1.07225795931622,0.0464656682668251,-1.1810658108258,-0.831963319534413,0.884308562635413,-0.23302005147137,-0.250788100598548,-1.12671817439208,-0.375444707672707,-1.34182269252516,0.371210418836036,0.0961812791901323,-1.09396055001584,-0.370861845559054,0.331514262594916,-0.69658405690908,-0.644323699422918,0.0396470806768664,-0.356221092840725,-0.0975927921521615,0.208849260327796,0.0401173252991663,1.78488948111588,-0.126502684244571,0.560703593083669,1.77900405726106,0.640574864571685,0.0305331494461636,1.46359586153206,-1.13891645006223,-1.82150159867174,0.600705461815566,0.222349338736306,1.04672383492806,-1.18949784612231,-1.48234699348214,-1.75776285503186
"S072",-0.134084570586817,-0.424807178781521,0.934596614331468,-1.4144206090602,-0.182201825213778,-0.297074214485006,1.5724119216207,1.45515671289744,0.494387004853237,0.3192567254673,-0.157128112217745,0.256047095806861,-1.17557380186385,0.627580954891937,1.49480840504703,0.541973354091509,-0.0574885819800704,-0.219463390134655,-0.5835702184183,-1.02550752384751,0.144652784466734,0.669874510709854,0.356389568263337,-0.362516718150172,0.612540960358625,0.428305465927398,0.846362256841749,0.122545430466214,-0.473034094011663,-0.624691476643227,-1.71176823325342,1.12318679117515,-2.36255058007023,0.942866293122919,0.572478242308326,0.00160460843568284,-0.463136914091826,0.725169997031703,-0.826944837180967,-0.191066400106153
"S073",-0.979390911814452,1.29961857466378,-0.0979911673975654,-0.903467872943274,0.138147088269537,-0.318379896856209,0.101059847521445,-0.557027957793075,0.56791325264349,0.13000581365853,0.49092843535692,-0.507878606956515,1.77781992424566,0.306033742219882,-1.17226760604515,0.106888197384872,0.436847276341062,0.0809969830884251,0.564898592225679,-0.472087017345026,-1.1664232657967,-0.106053040845303,-0.97647129041129,-1.4101063383548,-0.970666881474568,-0.339883819052458,-0.2478902299262,0.63407435254061,0.00829621022449118,-1.65400798394737,0.89683087835456,-0.832356990465347,-0.88680475360381,1.10356059903763,-1.05048595425628,0.0792771376780655,0.832203667385403,0.743337896403793,-0.802948176468319,0.275944981294005
"S074",-0.0169895324471886,-0.348712793363277,0.0741034180695723,-0.996444643874448,-1.43391805554302,-0.761797724100778,0.460171431151811,0.640415241002478,-1.4967432544193,-1.84051736487282,-0.99368699794856,-0.841419544045034,0.038928960360565,-1.36975395741407,-1.05012792629267,-0.569366841704225,-0.929097701673672,-0.157924479074466,-0.866072630321614,0.0393232251204454,0.581691558695913,0.76598607327723,0.717617990103719,1.62345709258099,-0.734270604983945,1.4664532252975,0.0322080651840809,0.579767869937275,1.50288330297901,1.94106638984659,0.547970587616948,1.02703694838871,1.2479198498236,0.35308043851591,-1.16421317223216,-0.330295344581687,-0.278190932570769,-0.194848707157099,-0.567120993906724,0.919739361093392
"S075",-0.605430774940955,-1.27133561027143,0.983189392882887,0.952351410709708,-1.10624566417386,0.390676032754119,-1.50358129330591,0.884926910438975,1.1563801574831,-1.37433757551603,-0.710199134539483,-0.104172437727165,0.64872741566755,0.16764490945564,0.279561009202378,-0.079473980154701,-0.69957507898028,-0.376865926096765,0.0703061759593355,-0.237412878725401,0.581149799952098,-0.609316560263396,-0.618386330371799,0.834276141303642,0.470797349054105,-0.0545375475047527,0.11144257298073,0.720103890326254,1.00387696139841,0.0817923237832407,0.46689358487065,0.894777408889298,2.04133590385633,-2.71656339668058,-0.736867691493981,-0.13422684345441,0.960524265402883,-1.06340947820317,1.77838333436391,0.768811647349059
"S076",-1.64219234898361,-0.733205987382333,-0.635688089666184,-0.684830986363333,-0.472114608045569,-0.584740604342094,0.331844147793929,1.34418432336982,0.22797799626719,0.0743863137527672,-0.49015388619954,-0.69271714920529,-0.197116869940047,-0.804038637706542,1.39478298967657,1.0935704184957,-0.679332920820846,-0.927519722127132,-0.621542943516722,-0.860424669963691,0.750226914651417,-0.277251716651987,0.122613881790077,0.209269251222231,0.990508454870198,-0.749836505525052,-0.00256223355685709,0.63386243866262,0.167244382840659,0.81887528351924,0.35409699734188,-0.379366147580114,-1.37658167200449,-0.410101844026574,0.654810820465791,-0.405685462852504,-0.20391535565529,-0.262069294737657,0.086902204380737,0.6787723404623
"S077",-0.483585913539043,-0.177539378824043,-0.782444869357225,0.343017550262269,-1.26466930660243,-0.930283845941291,-0.661269659358244,-1.06866126415071,-1.09359707567139,-1.07822901851861,-0.541504466060666,0.386237372781431,-0.708042953200018,-2.06276836745817,-1.21912450970401,0.11946913785748,-0.124286967134242,0.696568299087147,-0.948582607066952,0.212425891472615,1.06745496118,0.284261118457368,0.619363476697152,-0.0955614879922207,0.155378223419184,0.0698799734319614,-0.366022398443715,0.636476130982446,0.030095361517937,-0.574498303484727,1.70388115460764,-0.397317443942245,-0.331774867613194,-0.484007174515278,0.936397372605938,1.00102904118877,-0.548748369947435,-0.779641441344449,-0.456878013906261,-2.15450925784727
"S078",0.495929438696592,1.08019182239469,0.764046200418146,0.212818068850966,0.101842999463634,0.758300845738367,0.617504262579511,0.151606727224325,0.932629851022557,0.470254138893563,0.204572086263301,0.954368760284606,1.84513423389975,1.4919285188103,1.48723025603213,1.67792997007115,1.31061395272055,0.48526385268713,1.29352734426973,1.6305144006639,-0.192350100672612,0.0959337867519797,-0.54151802192546,-2.17240547088429,-0.803264185420676,-1.655459536668,-1.90218481084876,-1.63138372188252,-0.54410966446517,-0.646886355289566,-1.99332307628145,-0.588618806595112,0.288240247681598,-0.989543558993213,-1.83420909944826,-1.0315560171741,-1.29066743610371,-0.604588687676078,-0.113735513458118,-0.383675310492608
"S079",-1.10112182677012,-0.184859056409972,-1.38884800483674,0.261132585846178,0.063076345498392,0.105237638022021,-0.301703902523146,-1.17958548540737,-0.0363247342364131,-0.338919257984986,-1.09174954885148,-1.98156110059422,-1.22435066459645,-0.0204884697237876,-0.902838152114685,0.124862624233254,-1.26941725134751,-1.71099509863465,-1.54228377504775,-0.882556698853319,1.65278302120638,0.602522247785766,0.701510098113931,0.111391038522533,1.19984791067574,0.743194474050234,-0.904490173560404,0.762701583522728,-0.580761541248828,0.328802327393825,0.203606728955107,0.883913958248211,0.000845013075509157,-0.732122482370717,-0.22352863191239,-0.927984550520521,0.233844719054301,-1.19563750393225,-0.234820135562574,0.0570342089687326
"S080",1.26828271408504,1.39926862638266,0.259782686531475,0.257695346165804,1.64398573642876,2.97362903431794,1.9906488662595,1.10004052136884,1.8936198217719,0.951541196534927,1.67296838619526,1.23389421353882,0.17085033295824,0.201800553293796,1.84604778267832,-0.493667941344673,-0.137921986471574,1.26992643106963,0.623339695946067,1.09393032651537,-2.81909093654224,-0.372189648550132,-0.832943277150655,-1.32582629595204,-0.119093289617884,-1.26770591970664,-2.20769301629386,-0.925116042244223,-2.65336587385128,-1.44541972894946,-1.58746963337751,-0.881537821263311,-0.521595995237514,0.689620111649427,-0.0966475951162414,0.57994463824371,1.51713734886294,-2.54920203176299,0.546087755734816,1.198697270952
"S081",1.43846123024747,1.49731853610836,0.138190143521801,1.20873545031093,0.947463125011652,1.03229298645602,1.57782086590379,1.23021186494895,0.152285271850445,1.63872087726065,-0.0169083048516905,1.57039466878776,-0.289946861561565,-0.920064293193349,2.5648734741292,1.70114359204867,0.516875500726588,-0.865266654464456,1.45689132672316,1.27612681854754,-1.15397089404046,-2.39996023328933,-1.27259550990856,0.63432542487769,-1.34593762589297,-1.06219804374683,-1.8619475509319,0.917898719789254,-0.462935135353359,-0.710330943571945,-0.945065911606239,-1.2106919820461,0.417517852883477,-0.0937624031590107,0.718592740965468,-1.69498531451574,0.146455565058157,0.74892229718242,0.130206920415235,1.05952819787639
"S082",-1.29515077070739,0.031276680113819,-1.27574479149603,-0.278233527066835,-0.790827358912689,-1.00265430418562,-1.02762670597622,-0.958631225170187,-0.01169792733516,-1.25944608559424,-0.271787982003259,-0.430703001568651,-0.722543917064158,-1.52570157248166,0.520224698163249,-0.126349216670461,-0.638205551472271,-0.528786819155338,-1.181412185107,-0.664671407535306,1.27455014363897,-0.5643987264746,0.458290700758091,0.590172596416222,0.814114436643263,1.4715053974043,1.64010215407954,0.755919710468129,2.51961494424076,0.732960630582378,1.06582664877996,0.801232026390974,-1.02640893424439,-0.0445700096586304,-0.775695416077788,-0.219393313508028,1.33999456355346,-2.10382445542982,-0.14678982080656,0.561060411123828
"S083",0.511796298265877,-0.416771427802652,-0.188128560904855,-0.0366412234573154,-0.235119221987677,-0.999416080024357,-1.6424549151334,-0.37417511742902,-0.558783065784691,-0.293317618053039,-0.720988999121215,0.295170345584952,-0.116154231049545,-0.632894552828197,-0.707858171040211,-0.412444280788457,-1.09498979056985,-0.152361559833497,-0.294813922562399,-0.392434534877752,-0.835145191518282,1.34022228818866,-0.129461039844711,-1.16609646317268,0.994503393135736,0.984871302426624,0.24090935562258,0.308268164640241,0.144769368899488,-0.544734741112696,-0.814773074143821,-1.02300510670806,-1.51255464867969,-0.151703280552216,-0.637698617066125,0.510475745122367,-1.71452931336579,-0.263009734045322,-0.0520056138381691,-0.239413607537316
"S084",0.609018714078577,0.523225992490211,0.173316298617603,1.87173937669388,0.625979169334827,0.348228478797152,1.37559685953451,1.71137783475207,-0.209804297653459,1.56907929271588,0.966377463874531,0.869825681881826,0.463325800715404,0.467955509319278,0.189219557568313,1.19945367643428,0.367525690849883,-0.417740696433699,-1.42311959884333,-0.622814045021744,-1.32733136230292,-1.22242220494479,-0.111278037868021,-1.38986767269349,-2.36815465420589,-0.0671894873025273,-1.45940331815632,0.763550958267929,-1.70305679167039,-0.374095448732538,-1.03689987395408,-0.719685840318478,-0.217580185257447,0.314529163752288,-0.266400562834117,-1.51462461158218,1.33541407085411,-1.10049733038404,-0.180327716028509,-1.24676402215288
"S085",0.219307717585614,0.0786954646336936,0.425523897522399,-1.57179844421685,-1.15496898114811,0.617874088408289,0.268601412954563,-1.97687044533554,0.605136365115307,-1.6512570230309,-1.17880947451394,0.0852489829452656,-1.05657937524109,0.0620399957450518,-0.41632584249471,-1.62964660090097,-0.729688766429896,0.545357452779439,-0.808545322272827,-1.99973110318852,0.866121982321748,0.866882736836423,0.693342779909928,1.12662081590359,0.553643585124859,-0.8221808328642,0.819821759818407,1.31952271111273,0.707180946303691,0.532417282107158,-0.130882469805979,-0.409112929521688,-0.105761986471833,-0.97529221084104,0.215354951925785,0.242577939582403,-0.334262565847996,-2.72420330336336,0.207137074657144,-1.16671242333066
"S086",3.06104989339357,0.0354415730844542,0.486450285882002,0.869365392752264,0.314410176935149,0.577186049676947,-0.0437461312156468,0.724035142108532,0.71259688640643,1.45800012654845,0.494228990179463,1.70998377024546,-0.459838109993202,1.12716799212908,2.04582150230517,1.00589233336391,1.05802884534671,-0.366133038178513,2.02874287285383,0.846462707034018,0.147366831002694,-1.00548191565719,-1.22166068819995,0.0786337576766414,-2.15880440206814,-1.03852126464,-2.05952338810523,-2.31073023935764,-1.00157891757537,-1.19437163936347,-1.41240700564998,-1.3606979382395,0.827917362260533,-1.64547051469417,0.902590047380712,0.104715209928319,1.28533507872132,-0.638828266783208,1.55643882900936,2.35292667571629
"S087",-2.12559549225693,-2.04767589548743,-1.61919934335756,-1.8095072684451,-2.38692900384065,-2.12394530658765,-0.665293244461376,-1.81014663495755,1.18074171201044,-1.60711814270171,-1.30156949445524,-2.43463505141857,-1.47820619130885,-2.42026696358736,0.847937989121987,-1.2993456621319,-1.94207316018468,-1.12762507878453,-0.826871076789487,-2.24563377941394,0.613088795908718,2.05967689478161,1.54122358408646,1.94195574566483,1.89357897720726,0.759924111950566,2.60279891189879,0.643144180490872,0.972517461886499,1.90469768039894,0.656270673490819,2.09964694790888,0.823791338276,-0.643950970832657,-0.0471156326779993,-0.0677234222323048,1.77587308500052,-1.58307884043828,2.16891570838099,0.211601677499301
"S088",0.681475007505433,-0.197921653933847,1.47185602967638,-0.468330408153824,1.17306162367803,1.18837490012459,0.790929867120193,0.0656609963659273,0.436560788461658,-0.62794687461717,1.33389373987218,0.678444586489787,0.856355115227574,0.741428077937799,0.0221605379996236,0.848318976130216,-0.606520108322195,0.582637154169596,1.45960768427947,0.41485897409889,-1.09052466425314,-0.396686452291469,-0.0316468355086849,0.349622921889499,-1.60598645586287,-0.547462862858536,-0.116133995320609,-1.73491514048154,0.0689939210435037,-2.10686677967798,0.118820342241164,0.701696541413631,0.163967368924334,-0.524631579353882,0.716200789998814,0.9483826873485,1.42827634248594,-1.0032574365595,0.706808971329319,-0.107628775357749
"S089",0.389709409815397,1.51349416190625,0.320921486518653,0.569604250143917,1.12666093630225,0.753055453983599,0.137952320032587,0.260601452658102,0.399803054624653,0.223699972207007,1.95202869627481,0.935876857480475,0.349256027488295,0.381738605681462,0.383228340210829,-0.0567545293425207,1.20850492027902,1.85555155446196,0.357471208061434,1.02302422453464,-1.49749775934009,-0.424471942590868,-0.243159824813269,-0.181654198617545,-1.3098132362129,-2.07202334191415,-0.47206471828827,-1.47682730998603,0.550471602407124,-1.74996918541338,-0.704939184045687,-1.92011100790268,-0.403202111195453,0.0307549466040211,-1.17736379595244,-0.845425524100066,1.38396309644866,2.00935788141411,0.330284354232046,1.94838097421287
"S090",0.2419964125087,-0.358406333232731,-0.204490853186962,0.485139311775888,-0.153151768856386,0.0597685002273952,1.32410975922042,0.109802409545358,-0.74086193559406,-0.835586968252089,-0.60290599885171,0.686399968110134,-0.0273832174411763,1.07387650288907,1.24886962106602,0.620968266598239,-0.518241728203267,-0.0959931234208553,0.827339790348723,0.331062869657932,1.07347850387726,0.564771369599807,0.249046858707325,-0.337309345543848,0.993824720531287,-0.136800151081201,0.457112837209781,-0.636420046090657,-0.661800482627342,0.604179708009364,-0.610928167350216,0.348174183805074,1.95432210385561,-0.607018864660228,1.19279771712509,0.346834144999451,-0.990500962588826,0.254214050935078,-0.438776607776862,-0.574867583250948
"S091",-0.0198036720816962,0.557911998692825,0.160839060798048,0.401519767538431,0.493584904871092,-0.955292218298059,-0.209125443735858,0.667597147759845,-0.191660860850092,-0.421169566466709,-0.552743830894637,-0.571725156545189,0.0476206505811844,-0.0641205782132254,-0.144384099378301,-1.73344421571183,0.0894842878773619,-0.285932228279335,-0.0383336006208279,-0.725746310081197,1.17992392180265,0.343465248597565,-0.152720533100347,-0.252052525320037,-0.651636196895456,0.644656263241972,-0.279365059007351,0.390152291558627,1.03847837615996,-1.20213491163944,2.35070839590176,-0.812070174725883,1.16936152721094,0.446338695230646,-0.246759629468814,1.16074566103123,0.151744188198661,0.594722357551463,-0.173564006819493,1.74844193149182
"S092",-0.482645748721625,0.433942141845206,0.179770857985909,0.672728864865931,0.881826890647993,0.808606802362824,-0.0421957176947161,0.542670243650883,-0.62998408776148,1.1578686726555,0.926020478680189,-0.165575539349489,-0.503989140235535,0.449622761533029,0.899733917818165,0.256930286776373,-0.604015746157713,-0.752146524995275,0.417354298213567,0.472386426194983,-0.198185871426284,-1.00342029294477,1.4340551568147,-0.20819363993179,0.293680108494877,0.266018295609577,0.603580513069361,-0.185096450755277,1.24035772367279,1.38017017343804,-0.471199227395038,0.438551501236199,1.24987808554551,1.20769360740036,1.24287749565163,-0.0779606880093151,-0.366450589864703,0.728228066728569,0.925278096298785,-1.24803570723988
"S093",-0.630486427739913,-1.17949371060506,0.0612831105283823,-1.54519798937019,0.247393484729413,-0.827565789153457,0.083791897069616,-0.565413217230301,-0.56231769803324,1.08570777531415,-0.233276742954882,-0.494396812127103,-0.680179240542119,-0.571572042946927,0.667265496732366,0.0666646521562659,1.33672990487661,0.107444432373797,0.441715273266264,-0.0903063316677152,0.621516365233231,-0.21635085773541,-0.770509887027065,0.297777092876533,1.00550349947943,-0.274955915151883,0.0647444872886115,0.541861461986648,0.771347552122356,-0.820264091397198,0.727686383995339,1.00932850184324,1.05589118471906,0.125518761964628,-2.37403533637521,-0.291254977730412,1.00212350208469,-0.126655672560238,0.348327359083796,-0.682251074600899
"S094",1.71822122027522,1.16710431495414,1.18702539772521,1.48557984227662,3.4763303391239,1.26014300001738,1.50957977133144,1.5899751401895,2.30041885266169,1.71620524526308,1.74245226568821,0.470676769786297,2.38555070495951,1.05444269983438,0.808009292981491,1.66577081471867,1.60180212117631,1.94548797338496,2.12900579774966,0.680152544512367,-2.50910026186347,-1.54259535640694,-0.844659758807832,-1.33020525129705,-1.33722784455215,-1.93328438802412,-1.95298888919741,-1.3524820680324,-2.58056384050683,-2.44618460676301,-0.465296486382584,-1.38501336845151,-0.845703550386091,1.14394143562956,0.319995238780938,-0.408806244897968,0.129421839290014,0.0392006626265722,-1.50203437596277,-0.426954531681293
"S095",1.41556104401492,0.299046990581775,1.74593740908932,1.88521916853476,2.06829616740857,2.15868398868573,1.56072592479743,0.614179715024269,1.90664204998131,1.55002995155701,1.66878846637312,1.36217451284497,1.7238047900429,0.863266916131784,0.609641027791574,0.220473602991242,0.00645291544850708,1.33961478483034,1.95435106508463,2.16175696996908,-0.794596010510263,-2.53157940332115,-0.12721473377011,-1.65627954381597,-2.17012234324411,-1.96451419009246,-1.21810899715562,-0.858975056698181,1.34861870205134,0.153070205635706,-0.366265042612923,-1.21248153913038,-0.949612941868975,0.329031211535148,0.179607612690022,1.30293449442164,-0.631454656614441,0.322475696601535,-0.43165252352532,-1.54277576587571
"S096",-1.3406357071629,0.101363687031769,-0.0450903538498934,-0.168245082463191,-0.866964767123378,0.094773772984803,-0.37551141941758,-1.19817302645822,0.0426838820814734,-1.1744812716316,-1.99583617641411,-0.902740764455351,-0.701322488098327,-0.0111176558891487,-1.11911165198886,-2.33278635365654,-2.30233118823734,-0.438139198597398,-0.425542434360397,-0.904417919694197,0.6404561628409,1.61497834855204,0.301432174006815,0.504187119228043,0.843041328902276,-0.4802619870805,0.982990144891784,0.742344848367902,1.56232348974272,1.6399583156732,-0.43032728063705,0.481722808593328,0.628485859727863,-1.5018721014623,0.578891849869544,-0.13032754143937,1.18955851047932,0.792344161903869,-0.2145963602495,0.115586848838419
"S097",0.12568729853402,-1.03483772425854,0.879839862970359,0.0368518152146224,0.183556291598219,1.43510073326473,0.0645027737333443,-0.255158024314502,0.91048134358409,-1.00331906885613,0.15490110889197,-0.711755744909901,-0.504764590413345,0.27061538541253,0.344048122477073,-0.786048531241446,0.371967411371153,0.628046027685781,-0.34981068727483,0.81538129022753,0.199914556859293,-0.0793064967322515,-0.199689247936438,-0.0654390654169114,-0.0833086642326239,0.218473488398116,0.83993154901931,-0.017202565704872,-0.192402577500082,0.358575616894672,-0.279137050803925,1.18642656360784,0.621293176703199,0.662371863900832,-0.89223885094189,-0.45630158910654,-0.259368996360521,0.521315224772854,-0.952838884203811,-0.541073580995605
"S098",-1.59422121220856,-2.35030110885024,-0.672072825503421,-0.801756425345745,-0.308807905025875,-0.598848039648851,-0.44555197615908,0.160666878502337,-1.51465582531277,-0.795605287217447,-0.902436351334843,-0.963659997186638,-0.821275510247526,-1.63760691804135,-0.775318091863886,-0.664903312502162,-0.540509956148197,-1.45678866228923,-1.0318790143684,-1.52671981111148,1.74780684763077,-0.275293900678239,2.01273780557011,0.43661912150553,0.85666422422204,0.0850479555484666,0.136840784145435,-0.0708429866514699,0.726736668677805,0.956885762470819,1.60975376984798,1.71940043107968,-0.935879490175284,0.0312153658001341,-0.81206901382507,-0.222966062421738,0.812053965491734,-0.666040060228451,-0.0991464802336197,-0.910613851126056
"S099",1.28919222599536,0.544259627848846,-0.0970084179670827,0.0539179958054821,-0.138055965906494,0.91438405321658,0.96144322460995,-0.06088901992303,-0.371918386392367,0.0630556316976102,0.688579998527897,0.720153862866594,0.39578286332592,0.593141085053662,0.385222288169008,0.661276242829891,0.31977271989296,1.19371449222439,-0.252697401917009,0.283789899754861,1.21618667358447,-0.536698089291302,-0.0441444976843652,-0.257646474767993,-0.718515505458617,-1.12905202297419,-0.412996368123323,-1.21853731209443,-0.915475535883557,-1.12767425644776,-0.517123968041628,-0.0143321560686167,2.49751206350248,-1.13694391423005,-0.914414865946232,1.94936956183456,-1.96323166131188,0.669271773585679,-0.757343253661899,1.71144402449524
"S100",-0.637147271246298,-0.254742730352447,-0.629678369836177,-0.190523364042917,0.368303931210691,-1.20426258230821,-0.185963110533369,-0.236550526676214,-0.921982565177839,0.113908076663476,-0.836872977568919,-0.227694606892648,-0.876393183661801,-1.58288872987798,-0.673788783760877,-0.193403755670018,0.645320705674926,-0.740400524617761,-1.59459106845384,-1.28404270518201,0.196421571767102,0.762470415389233,-0.52371845999995,-0.283445367996014,-0.61939563175307,0.144659712054666,0.253999617538897,0.136433662089625,0.235306526715124,0.0654714580498858,1.2268042934361,0.821574016176599,0.350560355783349,3.17556764282818,-0.0482669680677236,0.276004837100016,-2.40444228839089,-1.92711366404491,-2.46401069648311,0.0296784412340042
"S101",-0.972873861693448,-0.867411950749711,-0.0734207571084813,-0.678963432047576,-1.02132108277737,0.0336602352238385,-0.443761509790182,0.330890967227586,-0.982639906408257,0.6223351060511,0.392907610216491,-0.362649357917516,0.178226303247152,-0.240274883469329,0.0490036061583778,-0.462572112532863,1.83606657355388,0.0179042761891091,-1.10158070187843,0.0785027345303131,-0.202047601689727,-0.431264215260549,0.270037343127991,0.38324952449608,0.653249852634271,-0.360563117853083,-0.0321598691966434,0.380187478621276,0.757878151655815,0.113442884961735,0.900652324292425,1.17268974904924,0.773455281153092,-1.57413858029205,1.24488516627981,-1.60318585843973,0.292831169490513,-0.0757659238108092,-1.59525208983553,0.163698519814432
"S102",1.21868001020178,1.13869352356356,0.844905389057032,0.273655050988129,0.227622898442336,2.32128617139133,0.588292331733402,0.194201313000912,-1.33085611711814,0.100706957270849,-0.264461226648942,-0.036272102595604,1.34710619624161,1.21784958348295,-1.03806953180551,-0.042254907012022,0.124650827559423,1.70390738155714,1.22443609038809,0.401358547822319,-0.446542264891017,-1.30223473781891,-0.409013430814419,-0.173415323776187,0.548169395691626,-1.09109466206178,-1.06916043593959,-1.21014845818227,-1.08094961423547,0.454670744674436,0.499105208447404,-0.397451316119157,0.698725455130806,0.242680778153591,-0.0322707476145044,-0.779637955282678,-0.850446425881773,-0.0977553530460016,0.979456674208457,-0.102466122535414
"S103",0.985686199663482,-0.43847531675536,1.63500232218174,0.630711905418667,-0.453392302425371,-0.743221508581857,-1.0947801677608,-0.592464785997059,0.61611515748261,-0.115837136871084,0.966854249307148,-1.01335957903741,0.385261694890877,0.194919622273509,0.271423034346203,0.0366442374965062,0.876059844548182,-0.0886392520833257,-0.356946907372795,0.515767123460493,-0.216661100422678,0.30575603799709,0.678453756269975,-0.776674238634116,-0.0582390996337405,-0.579998902602026,0.617295931772659,1.23254270334187,-0.15450845185351,-0.944618054382507,0.133753728867828,-0.669572173508021,0.279502971578305,1.51193258257546,-0.560530729849778,-0.651993381326365,-2.17943071131154,0.924065525780187,1.95606515853213,0.0873792099908614
"S104",-1.31801570171895,1.16507837394212,0.663240861175718,0.421654736443326,-0.68295487840147,1.3928839987162,-0.900265342025239,0.373535335930456,0.00512044678382134,0.0522304798385659,0.678832056822974,-0.0915115061687262,0.485959912172799,0.120326125496968,-0.179961237465577,-0.00512587174585685,0.587197512188302,-0.590775964915335,-0.522493088175911,1.15467040072174,-0.206920643827019,-1.03220377305278,0.719831729054563,-0.165180927884119,-1.04445934643191,0.161133630232931,-0.663091254498882,-0.210948186023562,-0.882418311799029,-1.15876821793446,-1.13826966181627,0.323462105557156,0.0184435210419963,-0.649402827792524,0.36968068312435,1.92109191720014,0.290596684541987,1.09777859950831,-0.636100412234155,0.121824583110592
"S105",0.31326570552656,0.464220946704743,0.938315560154956,0.939249416360557,1.03063451820754,-0.787745275573062,0.319096399829695,0.112407294309507,2.5375700814347,1.60096336479855,1.78954052227325,0.886259521883799,2.12180934141764,1.33640282439691,1.00697521617354,1.0601009056441,1.7897082632871,0.608785451111841,1.18152678113391,1.05290663999711,-1.1777982416498,-0.546328619609107,-0.788058242144811,-1.39961206314995,-0.948239267726622,-1.23313603444147,-2.31063675949887,-1.40462490671682,-0.97444069279672,-0.181791702523723,-0.762437864550201,0.375738393591948,-0.0578389903466052,-0.177542448848721,-0.00656900895957823,0.781106493410952,-0.153663413309573,0.722492250287721,0.299821060249291,-0.32468242308473
"S106",-1.30139114892681,-1.26616939965077,-2.90985675973576,-2.13543542055558,-1.62428681145344,-1.01365132833414,-0.536753443385265,-0.770318426449466,0.997678116938536,-0.699379737920411,-1.38466703347471,-1.41821438877509,-0.717733095956362,-1.15575420449443,-1.36614377990106,-1.41393987510856,-1.34733888604499,-0.0446769656371232,-0.837278494311486,-0.590458556905528,1.72501523334778,1.46470324843191,1.56940807878007,0.792114245771713,1.69451721305921,0.171805372486418,0.766527950659807,0.0859145320363449,0.240812695199344,1.47176949686716,2.48860142962772,1.05035821256867,-0.495777051630275,-1.09065801676664,0.835000988906516,-1.54341384698283,-0.836693083762,-1.34425991604043,0.701309724105137,-0.0387716430658043
"S107",1.49324635016148,-0.543669297329546,1.00547259400609,-0.528680030362845,0.917175515445578,-0.107882871895496,0.876360905290252,0.0601085905539829,-0.602172993843294,1.11906967536313,2.06830556714376,0.954739941292444,1.1317912931822,0.521068360456933,0.0363791494053965,-0.155666431957032,1.04108927839886,-0.203978247487259,0.620767859578705,0.407852212858139,0.182358559732576,-1.0615260906171,-0.297444153104102,-0.487810841310826,0.102300405896776,2.72976672830455,-0.114597575694838,-0.590707548598777,-1.76875872002982,-1.80541325748641,-0.562916899338373,-0.678306198339103,1.5983317995628,0.570097153298911,0.170581187638151,1.85308017312319,1.13007021229029,-0.419053407592331,-0.63971124107454,0.689949379249372
"S108",0.656674935413676,0.111800964352671,-1.84520899345947,-0.405325717492358,0.800036923921035,0.656469245319141,0.131003707364729,-1.16219388543952,0.281742945775419,-0.765107913662719,-0.43481012699344,-0.039154473506095,-0.391418246423024,0.550083873713688,-0.567758744986632,-0.487399617426708,-1.04532390751799,1.09064441319519,0.013254805279452,0.733905900312668,-0.553683997205167,1.27382533549091,0.421096284180415,-0.887613086135714,1.30945165099872,0.637361683179917,1.54430509517954,0.38480534303877,0.299454921935384,-0.500393713153571,-0.139034734555461,-0.54075401625847,0.200343958063978,1.08940795263676,2.78217446193165,1.10203657793114,-0.500281130772449,-1.38799427675106,0.541857560430778,-1.32694773263953
"S109",0.789664135908317,1.63865655409934,1.31609121436617,0.638220973725721,0.863543247900334,0.946178061016476,0.974667316053595,1.67563359713647,0.660427735339177,1.60590774309061,0.998571473219381,0.854203707285944,2.65641819694016,2.33324109929587,0.784339306087927,0.0230259175564179,2.26060496206602,1.87447544339446,1.44296048932648,0.485044358979851,-1.23985388442014,-0.469015445648682,1.39384216434506,-0.904272647001167,0.0134765417105376,0.38702822439217,-1.59250188016438,-0.242585382987872,-1.164279930337,0.652136857003209,-1.59532102362796,-1.40655570998102,0.234293792997211,-0.498864541876032,-0.139097713402955,1.96917686360046,0.573733741357688,1.17935058334594,0.236702047002424,-1.11979410745162
"S110",-0.126982953726542,0.266674958488606,0.0454956786407008,0.0509199957268929,-0.144307556871627,-0.211389896904145,-0.467441645266967,0.130167042238337,-0.664058826015626,-0.698494387414667,1.13814232636827,-0.331529414762119,-0.829001268052767,0.534837586354078,-0.0939017619759376,0.390735195596707,0.0657040337534945,-0.317954920740352,-0.0433445657748942,-0.435652025252586,-0.780899712928636,1.22054142228658,0.28632422478925,0.886651471927745,-0.303875285932469,-1.26134871381584,0.442895291412413,0.824641582131335,0.401167167762227,0.679356854702341,-0.314421449932264,-0.5138239897043,0.162146189276893,1.17184908514218,0.400772461679753,0.138288996062571,-0.479324536520854,0.469993794825004,-0.0136726247675071,-0.0579658923947597
"S111",0.252876229433316,-0.376454691554242,-1.65513467781598,0.993404036498973,-1.77641605849689,-0.318473183602417,-1.72287232255865,-2.17652516040342,-2.04446001046087,-0.346120112183576,-0.620159856352646,-1.06884015715409,-0.19997985618098,-0.0239898272627895,-1.6157356768948,-1.22221899217277,-0.15795946574599,0.106345510613418,-1.76118195017345,-0.202836140460102,0.290139711708207,1.48760132443461,1.56552729250887,1.55953032621709,0.788268409935267,1.67261276907755,-0.400076658741865,0.2400548876393,1.32972498762427,-0.443674454095344,1.38529004231212,0.176306222310361,0.209172329140999,1.07903877446098,2.67777196733384,-0.325558540868481,2.0879100499938,1.02538575169314,0.321936951531499,0.50450024857044
"S112",0.694090077233463,1.19569519046859,0.517896729885558,0.0148933492947035,0.0120344451711004,1.16022808294496,0.74180957674862,1.6737615172352,0.0830160702903576,1.90686686977218,0.781830179750537,1.2755859182551,0.698776144856656,-0.239489774275969,0.135054908190998,1.40074508933871,0.435703829600064,-0.3420203280277,0.710806743161831,-0.136948849418807,-0.685733422551888,-0.21398881168694,-2.18881489225699,-0.887462608702405,-0.477878705605802,-0.564533797240143,-0.079993429995102,-0.851599000711293,-0.494147951441842,-1.12574340686033,-1.29488141087034,-1.00769023042454,0.294000733110642,0.102876549390346,-0.690724650233231,0.66126726843392,-0.157131256894777,-0.0785180070497493,1.793330301528,-0.125888507957995
"S113",0.472413735397839,0.0236320138992938,0.605075849121872,-1.27356741299332,-0.176251923596713,0.473672758215607,-0.616689400035104,0.587893956413842,-1.45320021649731,0.0644525301717064,-0.47155557042938,1.1236272923553,-1.17583189349514,-0.00905824826810953,0.341286096685979,-1.15113550640998,0.481078069928423,-2.03739666039839,-0.297774742326622,0.881273419389592,-0.373513328703291,-0.390868181910557,0.77246834833932,0.284963621269741,-1.06029027576018,0.454317238450273,1.36147594300718,-1.51689850571227,0.977955676019883,0.229946307622923,0.151623828247837,0.573990999906292,0.133974877988119,-0.183287689920323,0.45337258555582,-0.349416321275459,0.8040942744056,-1.1519334123769,1.25970682355703,-1.09955077968718
"S114",0.206217516623706,0.830423387169889,0.732062196500427,0.994050190344604,-0.771165545484544,-0.511048260243219,0.0432099547975751,-0.160090364031916,0.326025829089885,0.726690619277643,0.952899250914423,0.484141187370441,-0.274100335727217,-0.219366968841906,-0.679089776175143,0.411978848093213,0.286217637641671,1.43682193144343,0.834374662870881,1.72920307977686,0.403480038197865,0.0906702765571906,-1.08545403030666,0.433808485560376,-0.0854286011068432,-0.0602732285094346,-1.23849256631317,0.217835697258752,-0.653398561522273,-0.117148410747655,-0.0341102905832768,-0.557005577803766,0.296941499309027,2.39703920225496,-0.347043144172507,1.31278971215556,1.3573918266078,-0.674687587959202,-0.696391843943791,-0.374019983114655
"S115",-1.5869805234609,-0.652228493163207,-0.255947934337189,0.722155302872965,-1.34794931043154,-0.153715632438507,-0.695103964939291,-1.55757508601572,-0.210513300348751,-1.04441196791984,-0.416045591314975,-0.310713984516236,-0.313410641267584,0.257355739604933,-1.99585589764876,0.477244572759592,-1.55320013468538,-0.303997510988882,-0.898256307134496,-1.37494167444805,-0.422720753073742,0.621228466213466,0.434410110071818,1.4096963774721,0.761949369598528,0.0968869737594857,0.453236896397886,1.35922915018266,0.567677166099139,0.684361783019585,0.518855325375867,0.151509220137358,0.970832309171383,-0.244480442879659,-0.364468752865461,0.391209601413507,-0.415948740158403,-0.532251006582815,0.324213969854555,-0.152127927542257
"S116",-0.566985181646336,-0.00595735006735365,0.511028099528424,0.29892775992044,0.151107980117459,-0.117818169643535,0.29168431426094,-0.917517271831303,0.386596219800205,-0.953250933266224,0.191549342700757,0.744412005560443,-1.29343332719465,-0.970740351990873,0.634418196918737,-0.842502245890561,-1.16743635327001,-0.626845010020218,0.577493767493708,-1.18074769871862,0.121991219991051,0.602566241758341,1.19412978389526,0.176204618643664,0.765710284649578,0.773265126230635,0.45720962098545,0.128274923931216,-0.00301330543172935,1.57491140908914,0.37461835426516,1.21515323174141,-0.559506446922469,0.620740596537471,-1.39325107040277,0.209631474382847,0.367994366112026,-0.329831461668988,-1.10034953551823,-0.917928527705813
"S117",0.370080156062108,-0.679604349550536,-0.667305250439916,-0.0270906929631272,-1.15683485832773,0.413857877545058,0.340016659926896,1.32037831922927,0.781373977588729,-0.445156855435504,0.1795686025352,0.692890462966688,0.711922484422011,-0.801286759153987,0.469485098930142,-1.14278571534634,0.217283128359421,-0.972339762962084,-0.272622500512659,0.573349492227722,-0.400460716448602,0.306724499546454,0.0456925291537634,1.60333557819348,0.452311357220624,0.0535665389725448,-0.530323522161274,0.51818786586616,0.452941157180137,-0.65482055453186,-0.452461748982624,-0.788185437800356,-0.753984264484688,-0.908621604963407,-0.723257568925088,0.219910001598951,-0.290097188362754,0.133396666231839,1.00664021667167,-1.54024668745877
"S118",0.116013048577801,-1.41770189702263,0.0915269145349777,0.644700948773743,-0.261869060804265,-0.218606892279616,-0.268967970777635,-0.985513225987842,-0.355142952337664,0.344564453022788,1.40941022374529,-1.40288357294874,-0.33398747715842,-0.160837639299464,0.189868620078958,1.76159496871788,-0.72632239818522,0.19556221574168,0.42813356197207,-0.217391945759872,0.786014731876626,0.637327593630366,-0.410966149249816,1.09680018581946,0.0870207669968618,0.146288280730659,0.321237355234323,-0.43168106479699,0.502295107802082,0.203504048329953,0.446273724515124,-0.609873318988489,-0.608138390199819,1.47494853844637,0.281674652559557,-1.12129648134339,1.04465970183109,1.73173333000611,-0.479008192826863,-0.193892585276561
"S119",-0.539681818575974,1.87329476257415,0.232559179898127,0.958982100778222,-0.626686056920802,-0.871971831961616,-0.760690431995161,-0.908888088227224,0.506078495643886,-0.358492871675488,-0.544031566977075,-0.712817305334427,0.541684542567187,-0.317223315434822,0.53480840987628,0.0771882812357528,-0.708948214443006,0.976022089730602,0.136034883906229,-0.321193857888522,-0.419292323655581,0.0661921330004071,-0.722528937481279,0.265699473762571,-0.697446953416937,-0.741625437271863,0.0063349431143535,-0.160731426631597,-0.929038962450139,0.616877354446816,0.062937373947575,0.644978560015554,1.02337174079071,0.683846199794751,-0.0932715726516043,0.503577497909893,0.951488681357237,-0.696695901256549,-0.720685630566405,-0.060682566073285
"S120",0.996645740552535,0.274360274409976,1.16004018519627,1.42874564622534,1.24439212970497,0.628703362470726,0.328966846166882,0.901518117336894,0.165135668247565,-0.0901219312120646,2.22642130063912,0.156728076496039,-0.35872272883757,0.67402761031582,0.230287077650592,-1.113811935354,1.71960336091951,0.693280747146024,-0.126639984665973,0.470800560107562,-0.352032258375372,0.570567738891253,0.253818453658102,-1.72685350630392,-0.421503189979053,0.305856299016273,0.911293253494043,-1.55608473073382,-1.05031619233433,0.419262328661526,-0.755979856953541,-0.791608554108391,-1.36209002457421,-0.157673481319163,-2.19655886581553,0.271312175944797,1.03830006527011,0.804866824122294,-0.439572446170059,-0.890503918608447
